airport name,airport code
LAGUARDIA NY,LGA
DALLAS/FORT WORTH INTL ARPT,DFW
LAKEFRONT AIRPORT,NEW
SEATTLE-TACOMA INTL,SEA
NORFOLK INTL,ORF
GUAYAQUIL/S BOLIVAR,GYE
NEW CASTLE COUNTY,ILG
WASHINGTON DULLES INTL ARPT,IAD
ATLANTA INTL,ATL
ORLANDO SANFORD INTL AIRPORT,SFB
ONTARIO INTL ARPT,ONT
CHICAGO O'HARE INTL ARPT,ORD
GROTON-NEW LONDON AR,GON
SPIRIT OF ST LOUIS,SUS
THEODORE FRANCIS GREEN STATE,PVD
KANSAS CITY INTL,MCI
LIHUE ARPT,LIH
PHOENIX SKY HARBOR,PHX
NASHVILLE INTL,BNA
JIM HAMILTON L B OWENS ARPT,CUB
SOUTHWEST FLORIDA INTL ARPT,RSW
ABERDEEN REGIONAL AR,ABR
NEWARK LIBERTY INTL ARPT,EWR
ASPEN-PITKIN CO/SARD,ASE
ROCHESTER INTL,ROC
MINNEAPOLIS-ST PAUL INTL,MSP
PUEBLO MEMORIAL ARPT,PUB
WESTCHESTER COUNTY ARPT,HPN
BIRMINGHAM-SHUTTLESWORTH INTL,BHM
TAHITI FAAA,PPT
ORLANDO INTL,MCO
MYRTLE BEACH INTL,MYR
LAFAYETTE REGIONAL (LA),LFT
CLEVELAND-HOPKINS INTL ARPT,CLE
SAN FRANCISCO INTL ARPT,SFO
CENTRAL WISCONSIN ARPT,CWA
BARKSDALE AIR FORCE BASE ARPT,BAD
DETROIT METRO WAYNE COUNTY ARPT,DTW
TOLEDO EXPRESS ARPT,TOL
METRO OAKLAND INTL,OAK
BEVERLY MUNICIPAL ARPT,BVY
TED STEVENS ANCHORAGE INTL,ANC
CHARLOTTE/DOUGLAS INTL ARPT,CLT
CINCINNATI/NORTHERN KENTUCKY INTL ARPT,CVG
GREATER PEORIA REGIONAL ARPT,PIA
INDIANAPOLIS INTL,IND
LOUISVILLE INTL ARPT,SDF
PORTLAND INTL (OR),PDX
STEWART INTL AIRPORT,SWF
LOS ANGELES INTL,LAX
BURKE LAKEFRONT,BKL
PHILADELPHIA INTL,PHL
CAPITAL CITY (MI),LAN
CAPITAL (BEIJING),PEK
PEASE INTL TRADEPORT,PSM
SAVANNAH INTL,SAV
HILO INTL ARPT,ITO
FORT LAUDERDALE/HOLLYWOOD INTL,FLL
DALLAS LOVE FIELD ARPT,DAL
LOGAN INTL,BOS
DENVER INTL AIRPORT,DEN
KALAMAZOO/BATTLE CREEK INTL,AZO
GERALD R FORD INTL,GRR
FORT SMITH MUNICIPAL ARPT,FSM
MCCARREN INTL,LAS
HESLER-NOBLE FIELD ARPT,LUL
PENSACOLA REGIONAL,PNS
BALTIMORE WASH INTL,BWI
LAURENCE G HANSCOM,BED
PANAMA CITY - BAY COUNTY INTL,ECP
SUVA FIJI,SUV
OXNARD ARPT,OXR
MORRISTOWN MUNICIPAL ARPT,MMU
TRENTON MERCER ARPT,TTN
TETERBORO AIRPORT,TEB
SANFORD REGIONAL ARPT,SFB
MEMPHIS INTL,MEM
GREATER ROCHESTER INTL,ROC
SAINT HUBERT,YHU
RALEIGH-DURHAM INTL,RDU
DUPAGE AIRPORT,DPA
ROANOKE REGIONAL,ROA
unknown,unknown
EL PASO INTL ARPT,EPI
PALM BEACH INTL,PBI
LEWISTON-NEZ PERCE CO ARPT,LWS
BLOOMINGTON/NORMAL,BMI
INDIANAPOLIS REGIONAL ARPT,KMQ
JACKSON EVERS INTL,JAN
VANCOUVER INTL,YVR
LEHIGH VALLEY INTL,ABE
SALT LAKE CITY INTL,SLC
QUAD CITY ARPT,MLI
PORT COLUMBUS INTL,CMH
EPPLEY AIRFIELD,OMA
BOB HOPE ARPT,BUR
GENERAL MITCHELL INTL,MKE
FRESNO YOSEMITE INTL,FAT
UNIVERSITY PARK ARPT,SCE
COLORADO SPRINGS MUNICIPAL,COS
FORT WAYNE INTL,FWA
KEARNEY MUNICIPAL,EAR
TOCUMEN INTL,PTY
WATERLOO REGIONAL ARPT,ALO
SANTO DOMINGO/LAS AM,AIL
ALBANY INTL,ALB
SACRAMENTO INTL,SMF
JOHN F KENNEDY INTL,JFK
BUFFALO-NIAGARA INTL,BUF
AUSTIN STRAUBEL INTL,GRB
DES MOINES INTL,DSM
WAUKEGAN REGIONAL ARPT,UGN
RONALD REAGAN WASHINGTON NATL,DCA
CHARLESTON AFB/INTL ARPT,CHS
LOVELL FIELD ARPT,CHA
JAMES M COX DAYTON INTL,DAY
PUERTO VALLARTA,PVR
ALBUQUERQUE INTL,ABQ
MIAMI INTL,MIA
JOSLIN FIELD - MAGIC VALLEY REGIONAL,TWF
GREATER PITTSBURGH,PIT
TROY MUNICIPAL ARPT,TOI
SHEPPARD AIR FORCE BASE,SPS
NEW ORLEANS INTL,MSY
LAMBERT-ST LOUIS INTL,STL
MINISTRO PISTARINI,EZE
BRACKETT FIELD ARPT,POC
HOUSTON-HOBBY,HOU
GEORGE BUSH INTERCONTINENTAL,IAH
RENTON MUNICIPAL ARPT,RNT
THE EASTERN IOWA ARPT,CID
NORTH BEND MUNICIPAL,OTH
HARRISBURG INTL,MDT
SANTA BARBARA MUNICIPAL,SBA
BRADLEY INTL,BDL
SAN DIEGO INTL,SAN
YEAGER ARPT,CRW
CHICAGO MIDWAY INTL ARPT,MDW
CHARLES DE GAULLE,CDG
ARDMORE MUNICIPAL,ADM
SARASOTA-BRADENTON,SRQ
MONTREAL/PIERRE-ELLIOTT-TRUDEAU INTL,YUL
TALLAHASSEE REGIONAL,TLH
UNALASKA ARPT,DUT
FULTON COUNTY ARPT - BROWN FIELD,FTY
GOLDEN TRIANGLE REGIONAL,GTR
GULFPORT BILOXI REGIONAL,GPT
MINETA SAN JOSE INTL,SJC
HUNTSVILLE INTL,HSV
JAMESTOWN REGIONAL,JMS
AIRBORNE AIRPARK,ILN
EVANSVILLE REGIONAL,EVV
SPOKANE INTERNATIONAL,GEG
SMITH REYOLDS ARPT,INT
LITTLE RIVER ARPT,KLL
CONCORD REGIONAL ARPT,USA
AMARILLO INTL,AMA
COBB COUNTY ARPT-MC COLLUM FIELD,KRY
DANBURY MUNICIPAL ARPT,DXR
RALPH WIEN MEMORIAL ARPT,OTZ
COLUMBUS MUNICIPAL ARPT (IN),CLU
VAN NUYS ARPT,VNY
AUSTIN-BERGSTROM INTL,ABI
OAKLAND/TROY ARPT,KVL
BURLINGTON INTL,BTV
KODIAK AIRPORT,ADQ
NAPA COUNTY ARPT,APC
EXECUTIVE ARPT,FXE
WHITEMAN AIRPORT,WHP
SCHOLES INTL ARPT AT GALVESTON,GLS
ADAMS FIELD ARPT,LIT
MONTGOMERY FIELD ARPT,MGM
PHOENIX DEER VALLEY ARPT,DVT
SKYLARK FIELD,ILE
GREATER BINGHAMTON ARPT,BGM
KLEBERG COUNTY ARPT,KIK
JOPLIN REGIONAL,JLN
JONESBORO MUNICIPAL ARPT,JBR
HONOLULU INTL ARPT,HNL
EGLIN AFB/NW FLORIDA REGIONAL ARPT,VPS
SIOUX GATEWAY ARPT,SUX
SAN ANTONIO INTL,SAT
VALLEY INTL,HRL
JACKSON HOLE,JAC
JOHN WAYNE AIRPORT,SNA
DILLINGHAM AIRFIELD,HDH
SHREVEPORT REGIONAL,SHV
MCMINN COUNTY ARPT,MMI
CUYAHOGA COUNTY ARPT,CGF
MANCHESTER AIRPORT,MAN
PORTLAND INTL JETPORT (ME),PWM
JEFFERSON CITY MEMORIAL ARPT,JEF
NW ARKANSAS REGIONAL,XNA
WICHITA MID-CONTINENT ARPT,ICT
TYLER POUNDS FIELD,TYR
ADDISON,ADS
OWENSBORO-DAVIESS,OWB
ATLANTIC CITY INTL,ACY
LONG ISLAND MAC ARTHUR,ISP
ELLINGTON FIELD ARPT,EFD
LANCASTER ARPT (PA),LNS
AQUASCALIENTES,AGU
NORTHEAST PHILADELPHIA ARPT,PNE
LINCOLN MUNICIPAL,LNK
SAN CARLOS ARPT,SQL
IGOR I SIKORSKY MEMORIAL,BDR
MORGANTOWN MUNICIPAL ARPT,MGW
SITKA ROCKY GUTIERREZ ARPT,SIT
GAINESVILLE REG ARPT,GNV
TRI-CITIES REGIONAL TN/VA ARPT,TRI
ALLEGHENY COUNTY ARPT,AGC
JACKSONVILLE INTL,JAX
PIERRE REGIONAL ARPT,PIR
NEWPORT NEWS/WILLIAMSBURG INTL,PHF
MANLEY HOT SPRINGS ARPT,MLY
RICHMOND INTL,RIC
KISSIMMEE GATEWAY ARPT,ISM
VERO BEACH MUNICIPAL,VRB
WAYNE MUNICIPAL ARPT,SNA
ROCK SPRINGS-SWEETWATER CO,RKS
LA CROSSE MUNICIPAL AIRPORT,LSE
RICHARD LLOYD JONES JR ARPT,RVS
HEWANORRA ST LUCIA,UVF
BUTLER COUNTY REGIONAL,HAO
SPRINGFIELD-BRANSON NATIONAL,SGF
ABRAHAM LINCOLN CAPITAL ARPT,SPI
BUCHOLZ AAF MARSHALL,KWA
CENTRAL NEBRASKA REGIONAL,GRI
TAMPA INTL,TPA
WORCESTER REGIONAL,ORH
MEMORIAL FIELD,HOT
KAHULUI ARPT,OGG
SANTIAGO INTL,SCL
OAKLAND COUNTY INTL,PTK
JOHN C TUNE ARPT,KJW
FORT LAUDERDALE EXECUTIVE ARPT,FXE
L F WADE INTL ARPT,BDA
MELBOURNE INTL,MLB
BISMARCK MUNICIPAL ARPT,BIS
MINOT INTL AIRPORT,MOT
SLIDELL AIRPORT,KAS
WALLBLAKE,AXA
GREAT FALLS INTL,GTF
BRAINERD-CROW WING,BRD
BLUE GRASS ARPT,LEX
ROGUE VALLEY INTL,MFR
STUTTGART MUNICIPAL ARPT,STR
LAWTON-FORT SILL REGIONAL ARPT,LAW
YAMPA VALLEY,HDN
COLONEL JAMES JABARA ARPT,KAA
MIDLAND INTL,MAF
MALCOLM MCKINNON ARPT,SSI
MILLARD ARPT,MIQ
ROCK COUNTY,KRB
MARTIN STATE ARPT,MTN
BUCHANAN FLD,CCR
BOIRE FIELD,ASH
VALDOSTA REGIONAL,VLD
MANASSAS REGIONAL ARPT,MNZ
ERIE INTL,ERI
CINCINNATI MUNI ARPT-LUNKEN FIELD,LUK
SACRAMENTO MATHER ARPT,MHR
LUIS MUNOZ MARIN INTL -SAN JUAN,SJU
MOLOKAI ARPT,MKK
MCGHEE TYSON ARPT,TYS
ST. PETERSBURG/CLEARWATER INTL,PIE
GRANT COUNTY ARPT,MWH
TORONTO/LESTER B. PEARSON INTL,YYZ
DANE COUNTY REGIONAL ARPT-TRUAX FLD,MSN
EDWARD G PITKA SR ARPT,GAL
UNIV OF ILLINOIS -WILLARD ARPT,CMI
ELKO REGIONAL ARPT,EKO
DEKALB-PEACHTREE ARPT,PDK
CHICAGO EXECUTIVE ARPT,PWK
FLORENCE REGIONAL,FLO
NORWOOD MEMORIAL ARPT,OWD
LIVERMORE MUNICIPAL ARPT,LVK
ROCKY MOUNT WILSON RGNL ARPT,RWI
TULSA INTL,TUL
BATON ROUGE METRO,BTR
WILLOUGHBY LOST NATION MUNI ARPT,LNN
WILKES-BARRE/SCRANTON INTL,AVP
HENDERSON FIELD,MDY
FALLS INTL ARPT,GTF
LUBBOCK INTL,LBB
AUGUSTA STATE,AUG
WILMINGTON INTL,ILM
JUNEAU INTL ARPT,JNU
RENO TAHOE INTL,RNO
ST AUGUSTINE,UST
MONTGOMERY REGIONAL ARPT,MGM
PORTLAND-HILLSBORO ARPT,HIO
PANGBORN MEMORIAL,EAT
TRI-CITIES,TRI
PURDUE UNIV ARPT,LAF
DAYTONA BEACH INTL,DAB
EASTERWOOD FIELD AIRPORT,CLL
MANAGUA INTL ARPT,MGA
HENRY E ROHLSEN ARPT,STX
IMPERIAL COUNTY ARPT,IPL
KLAMATH FALLS INTL,LMT
FAIRBANKS INTL ARPT,FAI
EUGENIO MARIA DE HOSTOS ARPT,MAZ
MISSOULA INTL ARPT,MSO
DUBUQUE REGIONAL ARPT,DBQ
SAND POINT ARPT,SDP
MONETT MUNICIPAL ARPT,KHF
WATERBURY-OXFORD ARPT,OXC
AKRON-CANTON MUNICIPAL,CAK
READING REGIONAL,RDG
COLUMBUS METRO,CSG
NANTUCKET MEMORIAL,ACK
ROCKY MOUNTAIN METROPOLITAN ARPT,BJC
COLUMBIA METRO,CAE
WILLIAMSPORT,IPT
BUSH FLD,AGS
INDIANAPOLIS METROPOLITAN ARPT,KUM
BISHOP INTL FLINT,FNT
BELLINGHAM INTL,BLI
BETZ ARPT,44G
NOGALES INTL ARPT,OLS
TOKYO INTL,HND
GANDER INTL,YQX
GOSHEN MUNICIPAL ARPT,GSH
ADAMS COUNTY- LEGION FIELD,63C
HAMILTON MUNICIPAL ARPT,YHM
FALCON FIELD ARPT,MSC
KAPALUA ARPT,JHM
BROWNSVL/SO PADRE IS,BRO
GUAM INTL ARPT,GUM
CHESTER COUNTY G O CARLSON ARPT,CTH
SNOHOMISH CO (PAINE FIELD),PAE
ST. LUCIE COUNTY INTL ARPT,FPR
MEACHAM FT WORTH,FTW
GRAND JUNCTION REGIONAL ARPT,GJT
IDAHO FALLS REGIONAL ARPT,IDA
MBS INTL,MBS
REPUBLIC AIRPORT,FRG
CAPITAL CITY ARPT (PA),HAR
GREENVILLE-SPARTANBURG INTL,GSP
ASHEVILLE REGIONAL ARPT,AVL
ST LOUIS DOWNTOWN,CPS
MOBILE DOWNTOWN ARPT,BFM
PULLMAN-MOSCOW REGIONAL,PUW
GENERAL ESCOBEDO INTL,MTY
MCNARY FLD ARPT,SLE
BOWMAN FIELD,LOU
PIEDMONT TRIAD INTL,GSO
FLOYD BENNETT MEMORIAL,GFL
PU DONG INTL ARPT,PVG
AMSTERDAM SCHIPHOL,AMS
WEST BEND MUNICIPAL ARPT,ETB
GREATER ROCKFORD,RFD
GRAND CANYON WEST,GCW
KEY WEST INTL ARPT,EYW
EPHRAIM- FISH CREEK,3D2
NUT TREE AIRPORT,KVC
SACRAMENTO EXECUTIVE ARPT,SAC
MONTEREY PENINSULA,MRY
JOE FOSS FIELD ARPT,FSD
CHEYENNE REGIONAL ARPT,CYS
TRI-STATE MILTON FERGUSON,HTS
CYRIL E KING ARPT,STT
LONG BEACH-DAUGH FLD,LGB
ABILENE REGIONAL ARPT,ABI
TEXARKANA-WEBB FIELD,TXK
INDIRA GANDHI INTL,DEL
HAMILTON,YHM
WILL ROGERS WORLD ARPT,OKC
LEBANON MUNICIPAL ARPT,LEB
GRAND FORKS INTL,GFK
HILTON HEAD ISLAND,HHH
WILLOW RUN ARPT,YIP
GROSSE ILE MUNICIPAL ARPT,KON
LAKELAND LINDER REGIONAL,LAL
SHEREMETYEVO INTL,SVO
CIUDAD DEL ESTE GARCIA,AGT
SOUTH BEND REGIONAL,SBN
OUTAGAMIE COUNTY REGIONAL,ATW
MAHLON SWEET FLD,EUG
QUONSET STATE ARPT,NCO
CLARK INTL,CRK
SOUTHWEST GEORGIA REGIONAL ARPT,ABY
EASTERN WEST VIRGINIA REGIONAL ARPT,MRB
BOEING FIELD K C INT,MCI
SAIPAN INTL,SPN
WILLIAMSON COUNTY REGIONAL,MWA
CENTENNIAL ARPT,APA
WALLA WALLA REGIONAL,ALW
JIM HOGG COUNTY AROT,OGG
HAWTHORNE MUNICIPAL ARPT,HHR
PETALUMA MUNICIPAL ARPT,O69
SONOMA COUNTY ARPT,STS
LANAI ARPT,LNY
TUCSON INTL,TUS
JOHNSON COUNTY EXECUTIVE ARPT,OJC
ROSWELL INTL AIR CENTER,ROW
ALBERT J ELLIS,OAJ
NEW TOKYO INTL,NRT
HECTOR INTERNATIONAL,FAR
SCHENECTADY COUNTY,SCH
LONDON-LUTON ARPT,LTN
PUNTA CANA INTL,PUJ
DILLANT-HOPKINS ARPT,EEN
SALISBURY-WICOMICO,SBY
CORPUS CHRISTI INTL ARPT,CRP
MONROE REGIONAL ARPT,MLU
BARNSTABLE MUNICIPAL,HYA
ROBERTSON FIELD,4B8
MODESTO CITY-COUNTY,MOD
YELLOWSTONE ARPT,WYS
DEER PARK ARPT,DPK
SANGSTER INTL,MBJ
ZELIENOPLE MUNICIPAL,KPJ
LORAIN COUNTY REGIONAL ARPT,LPR
CECIL ARPT,VQQ
BOLTON FIELD ARPT,KTZ
ST LOUIS REGIONAL,ALN
EASTON/NEWMAN FIELD ARPT,ESN
CHERRY CAPITAL ARPT,TVC
ST. PAUL DOWNTOWN ARPT,STP
OSCEOLA MUNICIPAL ARPT,7M4
YELLOWSTONE REGIONAL,COD
DURANGO-LA PLATA CO,DRO
SELAWICK ARPT,WLK
WALLOPS FLIGHT FACILITY,WFF
OHIO STATE UNIVERSITY,OSU
SHEBOYGAN COUNTY MEMORIAL ARPT,SBM
SITKA (SPB),SIT
THIEF RIVER FALLS REGIONAL,TVF
YAKUTAT ARPT,YAK
MANCHESTER ENGLAND,MAN
MARSHALL ISLANDS INTL ARPT,MAJ
SYRACUSE HANCOCK INTL,SYR
MERCEDITA ARPT,AIM
ORMOND BEACH MUNICIPAL ARPT,KOM
MONTROSE REGIONAL ARPT,MTJ
HELENA REGIONAL,HLN
MOBILE REGIONAL,MOB
PALM SPRINGS INTL,PSP
DE KALB TAYLOR MUNICIPAL ARPT,KDK
EVANSTON-UINTA COUNTY BURNS FIELD,EVW
JESSE VIERTEL MEMORIAL ARPT,KVE
MCCLELLAN-PALOMAR,CLD
EL SALVADOR INTL,SAL
MC CLELLAN AIRFIELD,MCC
WAYNE COUNTY,DTW
CHINO AIRPORT,CNO
MILANO MALPENSA,MXP
MIDDLE GEORGIA REGIONAL,MCN
COMPTON/WOODLEY ARPT,CPM
YOUNGSTOWN-WARREN RGNL ARPT,YNG
RANGE REGIONAL ARPT,HIB
EL MONTE ARPT,EMT
ALLENTOWN QUEEN CITY MUNICIPAL,KXL
SUGAR LAND REGIONAL ARPT,SGR
NORTHEASTERN REGIONAL,EDE
LINDEN AIRPORT,LDJ
MADRID-BARAJAS,MAD
ELMIRA/CORNING MUNICIPAL,ELM
MANHATTAN REGIONAL,MHK
SCOTT CITY MUNICIPAL ARPT,KSC
CHILLICOTHE MUNICIPAL ARPT,CHT
PLYMOUTH MUNICIPAL ARPT (MA),PYM
BOISE AIR TERMINAL/GOWEN FIELD,BOI
ANOKA COUNTY-BLAINE,ANE
HAGERSTOWN REGIONAL,HGR
USAF ACADEMY BULLSEYE AUX AIRSTRIP,AFF
GLASGOW INTL/WOKAL FIELD,GGW
MONMOUTH EXECUTIVE ARPT,BLM
QUEBEC/JEAN LESAGE INTL,YQB
ELK GROVE ARPT,E27
LAKE CHARLES REGIONAL,LCH
WINDHAM ARPT,KIJ
HUNTINGBURG ARPT,HNB
DUTCHESS COUNTY ARPT,POU
FERANDINA BEACH MUNICIPAL ARPT,KFH
HOBBY FIELD ARPT,HOU
CAPE MAY COUNTY ARPT,WWD
SALINA MUNICIPAL,SLN
BETHEL ARPT,BET
GLADEWATER MUNICIPAL ARPT,GDJ
CALI/VALLE,CLO
CANCUN INTL,CUN
OCONEE COUNTY REGIONAL ARPT,CEU
KETCHIKAN INTL ARPT,KTN
TWEED-NEW HAVEN ARPT,HVN
GALLATIN FIELD ARPT,BZN
PINAL AIRPARK,MZJ
MARTHAS VINEYARD,MVY
BROOKINGS MUNICIPAL ARPT,BKX
EAST HAMPTON ARPT,JPX
NATRONA COUNTY INTL,CPR
FINDLAY ARPT,FDY
ROGERS MUNICIPAL ARPT-CARTER FIELD,ROG
FULLERTON MUNICIPAL ARPT,FUL
ST CLAIR COUNTY INTL ARPT,PHN
KINGS LAND O' LAKES ARPT,KLN
RAPID CITY REGIONAL,RAP
AURORA MUNICIPAL ARPT,AUZ
RICKENBACKER INTL,LCK
SANTIAGO CIBAO INTL,STI
NORTH CENTRAL WEST VIRGINIA ARPT,CKB
KONGIGANAK ARPT,KKH
WESTERLY STATE ARPT,WST
CAPE GIRARDEAU MUNICIPAL,CGI
KALAELOA ARPT JOHN RODGERS FIELD,JRF
JUAN SANTAMARIA INTL,SJO
ERNEST A LOVE FIELD,PRC
SANTA FE DE BOGOTA,BOG
KENDALL-TAMIAMI EXECUTIVE ARPT,TMB
GRAND RAPIDS/ITASCA COUNTY ARPT,GPZ
ADDINGTON FIELD ARPT,EKX
WILLMAR MUNICIPAL,ILL
MC ALLEN MILLER INTL,MFE
PALESTINE MUNICIPAL ARPT,GZA
WHEELER-SACK ARMY AIRFIELD,KGT
CLEVELAND MUNICIPAL ARPT,CLE
DEMOPOLIS MUNICIPAL ARPT,KDY
NEW CENTURY AIRCENTER ARPT,JCI
FORT DODGE REGIONAL,FOD
ARNOLD PALMER REGIONAL,LBE
BRANSON ARPT,BKG
LAREDO INTL,LRD
FRIDAY HARBOR ARPT,FRD
WENDOVER ARPT,ENV
ROBT L BRADSHAW INTL,SKB
ALTOONA-BLAIR COUNTY,AOO
REDDING MUNICIPAL,RDD
BILLINGS LOGAN INTL,BIL
PHOENIX-MESA GATEWAY,AZA
COLD BAY ARPT,CDB
RAFAEL HERNANDEZ ARPT,BQN
DELTA COUNTY ARPT,ESC
BOWERMAN ARPT,HQM
KEY FLD,MEI
BELLEVILLE MUNICIPAL,KRP
MONROE COUNTY,BMG
COLUMBIA REGIONAL,COU
FORT WORTH SPINKS ARPT,KFW
PUNTA GORDA ARPT,PGD
DULUTH INTL ARPT,DLH
WILLIAM B HEILIG FIELD,BFF
PHOENIX GOODYEAR ARPT,GYR
JAMES CLEMENTS MUNICIPAL ARPT,3CM
ALEXANDRIA INTL,AEX
GARY CHICAGO INTL,KGY
CAPE COD COAST GUARD AIR STATION,FMH
GREENVILLE DOWNTOWN ARPT,GMU
RIO VISTA MUNICIPAL ARPT,O88
ELIZABETHTON MUNICIPAL ARPT,0A9
PRYOR FIELD REGIONAL ARPT,DCU
DANIEL ODUBER QUIROS INTL,LIR
CHARLES B WHEELER DOWNTOWN ARPT,MKC
KUNSAN,KUV
TEHACHAPI MUNICIPAL ARPT,TSP
BARKLEY REGIONAL ARPT,PAH
JACQUELINE COCHRAN REGIONAL ARPT,TRM
BARROW COUNTY ARPT,WDR
HAYWARD EXECUTIVE ARPT,HWD
TUPELO MUNICIPAL,TUP
MIDDLETON MUNI MOREY FIELD,C29
FIUMICINO ARPT,FCO
WACO REGIONAL ARPT,ACT
LIEGE ARPT,LGG
CHESTERFIELD COUNTY ARPT,KFC
CASTLE ARPT,MER
SKAGIT REGIONAL,MVW
SIMON BOLIVAR INTL,CCS
MERRILL FIELD ARPT,MRI
GRAND CANYON NATIONAL,GCN
LA ROMANA INTL,LRM
REID-HILLVIEW ARPT OF SANTA CLARA CNTY,RHV
BERZ-MACOMB ARPT,MQB
FLYING CLOUD ARPT,FCM
SOUTHWEST MINNESOTA REGIONAL ARPT,MML
BEMIDJI REGIONAL ARPT,BJI
SPENCER MUNICIPAL AIRPORT,SPW
GREATER PORTSMOUTH REGIONAL ARPT,PMH
TOMPKINS COUNTY ARPT,ITH
GREGG COUNTY ARPT,GGG
GREENBRIER VALLEY ARPT,LWB
WILEY POST ARPT,PWA
VIRU VIRU INTL,VVI
ERNESTO CORTISSOZ,BAQ
LIMA ALLEN COUNTY,AOH
MERLE K (MUDHOLE) SMITH ARPT,CDV
SOUTHWEST MICHIGAN REGIONAL,BEH
TACOMA NARROWS ARPT,TIW
MATHIS FIELD (TX),SJT
GREENWOOD MUNICIPAL ARPT,KHF
PIARCO TRINIDAD,POS
FAIRMONT MUNICIPAL ARPT,FRM
LA AURORA,GUA
NAPLES MUNICIPAL,APF
HOUSTON GULF ARPT,SPX
MORAN FIELD ARPT,HOT
MASON COUNTY ARPT (MI),LDM
PUERTO PLATA INTL,POP
ASHTABULA COUNTY,JFN
COLEMAN A YOUNG MUNICIPAL ARPT,DET
MANSFIELD LAHM MUNICIPAL,MFD
LYNDEN PINDLING INTL ARPT,NAS
HERLONG ARPT,KHE
CAPT FEAR REGIONAL JETPORT,KSU
CARRABELLE-THOMPSON,X13
FRANCIS S GABRESKI ARPT,FOK
HAWKINS ARPT,HKS
HEMET-RYAN ARPT,HMT
CUBA MUNICIPAL ARPT,HAV
PAGE FIELD ARPT,FMY
MERRILL C MEIGS ARPT,KCG
LOS CABOS INTL,SJD
DECATUR ARPT,DEC
TERRE HAUTE INTL ARPT-HULMAN FIELD,HUF
TOLUCA/LIC ADOLFO,TLC
CHARLOTTESVILLE-ALBEMARLE ARPT,CHO
ELKHART MUNICIPAL ARPT,EKI
KINSTON REGL JETPORT,ISO
SIGONELLA,NSY
MT PLEASANT MUNICIPAL ARPT,MOP
LIBERAL MUNICIPAL,LBL
NORFOLK REGIONAL ARPT,ORF
ESSEX COUNTY AIRPORT,CDW
DANVILLE REGIONAL ARPT,DAN
COLUMBUS MUNICIPAL ARPT (NE),OLU
GUANAJUATO DEL BAJIO INTL,BJX
SAN LUIS COUNTY REGIONAL ARPT,SBP
PALMDALE REGIONAL ARPT,PMD
STOCKTON METRO,SCK
GUNNISON COUNTY,GUC
LLANO MUNICIPAL ARPT,KAQ
CHARLOTTE-MONROE  EXECUTIVE ARPT,KEQ
OWEN ROBERTS INTL,GCM
W K KELLOGG ARPT,BTL
FORT WORTH ALLIANCE,AFW
ALBERT WHITTED,SPG
STELLAR AIRPARK,P19
DESTIN-FORT WALTON BEACH ARPT,VPS
CALGARY INTL,YYC
DELAWARE COUNTY REGIONAL ARPT,MIE
YAKIMA AIR TERMINAL,YKM
RALEIGH EXEC JETPORT AT SANFORD-LEE CNTY ARPT,TTA
DAVID'S ARPT,TLV
BUFFALO AIRFIELD ARPT,BUF
HAWKINS FIELD ARPT,HKS
ASHE COUNTY,KGE
NORTH PLATTE REGIONAL,LBF
GATWICK - LONDON,LGW
CLARK COUNTY REGIONAL ARPT (IN),KJV
TIANJIN (CHINA),TSN
BENITO JUAREZ INTL,MEX
KENT STATE UNIVERSITY,1G3
CORTEZ MUNICIPAL ARPT,CEZ
SANTA MARIA PUBLIC,SMX
SANTA FE MUNICIPAL,SAF
MANITOWOC COUNTY ARPT,MTW
LAKE HAVASU CITY ARPT,HII
BARNES MUNICIPAL ARPT,BAF
FORD ARPT,GRR
PROVO MUNICIPAL ARPT,PVU
FOUR CORNERS REGIONAL,FMN
DELAND MUNICIPAL ARPT,KDE
FORBES FIELD AIRPORT,FOE
H L SONNY CALLAHAN ARPT,KCQ
WM FAIRCHILD INTL ARPT,CLM
MID-DELTA REGIONAL,GLH
ANN ARBOR MUNICIPAL,ARB
TSTC WACO,CNW
ST. CLOUD REGIONAL,STC
FAYETTVILLE MUNICIPAL,FAY
BESSEMER ARPT,KEK
BRENNER FIELD ARPT,KFN
ANNISTON METROPOLITAN ARPT,ANB
COZUMEL MEXICO,CZM
BLOCK ISLAND STATE,BID
CLEARVIEW AIRPARK,K2W
MUIR ARMY AIRFIELD,MUI
LAKE IN THE HILLS,3CK
LOUISA COUNTY ARPT/FREEMAN FLD,LOW
MEADOW LAKE ARPT,KFL
JOHN F KENNEDY MEMORIAL,ASX
TYONEK ARPT,TYE
PEARLAND REGIONAL ARPT,KLV
HURON REGIONAL ARPT,HON
NORTH LAS VEGAS,VGT
SOUTHBRIDGE MUNICIPAL ARPT,3B0
LARAMIE REGIONAL,LAR
HAMILTON ISLAND,HTI
JOHNSTON ATOLL ARPT,JON
ROSEAU MUNI ARPT/RUDY BILLBERG FLD,ROX
GAINESVILLE MUNICIPAL ARPT,GNV
LITCHFIELD MUNICIPAL,KLJ
GRIFFING SANDUSKY ARPT,SKY
PUT IN BAY,3W2
WALDRONAIRE ARPT,MWH
SANTA MONICA MUNICIPAL,SMO
GREATER KANKAKEE ARPT,IKK
GREELEY-WELD COUNTY ARPT,GXY
ST. GEORGE  ARPT (AK),OAK
WORTHINGTON MUNICIPAL ARPT,OTG
BEAVER COUNTY ARPT,BFP
OHIO UNIVERSITY ARPT,ATO
WINGS FIELD ARPT,BBX
RIVERTON REGIONAL,RIW
GILLETTE CAMPBELL CO,GCC
EDWARDS AIR FORCE BASE,AFB
EMMONAK ARPT,EMK
BANGOR INTL,BGR
CHESTER ARPT,KSN
LYNCHBURG REGIONAL,LYH
SPACE COAST REGIONAL,TIX
SIDNEY MUNICIPAL AR[T,SCA
PAGO PAGO INTL,PPG
GNOSS FIELD ARPT,NOT
SCOTTSDALE ARPT,SCF
GARDEN CITY REGIONAL,GCK
INCHEON INTL,ICN
PAGE MUNICIPAL,PGA
MILLVILLE MUNICIPAL ARPT,MIV
ROSTRAVER,P53
MCCORD FIELD ARPT,TCM
DYERSBURG REGIONAL ARPT,KDY
ARCATA AIRPORT,ACV
T B LETTSOME INTL,EIS
ORCAS ISLAND ARPT,ESD
OLYMPIA ARPT,OLM
ATHENS/BEN EPPS ARPT,AHN
FREEPORT INTL,FPO
SAWYER INTL,MQT
PORT-AU-PRINCE INTL,PAP
BIG PINEY-MARBLETON,BPI
DEADHORSE ARPT,SCC
OGDEN-HINCKLEY ARPT,OGD
MIDDLE BASS-EAST POINT,3W9
MEADOWS FIELD ARPT,BFL
NEWTOK ARPT,WWT
LT WARREN EATON ARPT,OIC
DAVID WAYNE HOOKS MEMORIAL ARPT,DWH
HOUSTON-SOUTHWEST ARPT,HOU
MANKATO REGIONAL ARPT,MKT
PETERSBURG JAMES A JOHNSON ARPT,PSG
MUSKEGON COUNTY ARPT,MKG
CREVE COEUR ARPT,1H0
FLAGSTAFF PULLIAM,FLG
ADIRONDAK REGIONAL ARPT,SLK
OCEAN CITY MUNICIPAL  ARPT (MD),OCE
AUBURN-LEWISTON MUNICIPAL,LEW
CARROLL COUNTY-TOLSON ARPT,KTS
MIAMI COUNTY ARPT,MIA
INCIRLIK AIR BASE,UAB
CAMARILLO,KCM
RYAN FIELD ARPT,KRY
ORANJESTAD/REINA BEA,Aru
BELIZE INTERNATIONAL ARPT,BZE
MANDAN MUNICIPAL,Y19
CHICO MUNICIPAL ARPT,CIC
DUBOIS REGIONAL ARPT,DUJ
LEESBURG EXECUTIVE ARPT,KJY
PORTLAND-TROUTDALE ARPT,TTD
HOUSTON MEMORIAL ARPT,IAH
BARCELONA ARPT,BCN
SHREVEPORT DOWNTOWN ARPT,SHV
MELVILLE HALL AIRPORT,DOM
LENAWEE COUNTY ARPT,ADG
DOUBLE EAGLE II ARPT,KAE
CEDAR MILLS,3T0
PRICE COUNTY ARPT,KPB
HATTIESBURG-LAUREL,PIB
SOUTHERN ILLINOIS,MDH
ROLLA NATIONAL ARPT,VIH
RUTLAND STATE ARPT,RUT
ALBERT LEA MUNICIPAL ARPT,AEL
MOUNT HAWLEY,3MY
FRENCH LICK MUNICIPAL ARPT,FRH
QUINCY REGIONAL ARPT - BALDWIN FLD,UIN
SPRINGFIELD BECKLEY MUNICIPAL,SGH
PROVIDENCIALES INTL,PLS
ANDERSON REGIONAL,AND
OCEAN REEF CLUB,OCA
MANSFIELD MUNICIPAL,1B9
CHIPPEWA COUNTY INTL ARPT,CIU
CHEFORNAK ARPT,CYF
MARCO ISLAND ARPT,MRK
SALINAS MUNICIPAL ARPT,SNS
SUNDANCE AIRPARK,KHS
HUSLIA ARPT,HSL
JASPER COUNTY ARPT-BELL FIELD,RNZ
LAWRENCE MUNICIPAL ARPT (MA),LWM
"GUADALAJARA, MEXICO",Gua
ROTA,ROP
JACK MCNAMARA FLD,CEC
COLLIN COUNTY RGNL ARPT AT MCKINNEY,KTK
COTE D AZUR,NCE
NORTHAMPTON ARPT,7B2
FAIRMONT MUNI-FRANKMAN FLD,4G7
KONA INTL ARPT,KOA
BRANDYWINE ARPT,KOQ
SKYHAVEN,KDA
HEATHROW - LONDON,LHR
WINONA MUNICIPAL ARPT,ONA
CROOKSTON MUNI ARPT-KIRKWOOD FIELD,CKN
SOUTH VALLEY REGIONAL ARPT,U42
KICKAPOO DOWNTOWN ARPT,KIP
LAKE HOOD (SPB),PAL
CLINTON COUNTY ARPT,PLB
MADISONVILLE MUNICIPAL,2I0
MASSEY RANCH AIRPARK,X50
ROBT J MILLER AIR PARK,MJX
PETER O KNIGHT ARPT,TPF
PALM BEACH COUNTY PARK ARPT,LNA
VENANGO REGIONAL,FKL
FRIEDMAN MEMORIAL,SUN
SOUTHWEST WASHINGTON REGIONAL ARPT,KLS
RIVERSIDE MUNICIPAL ARPT,RAL
ISLESBORO,57B
IOWA FALLS MUNICIPAL ARPT,IFA
FELTS FIELD ARPT,SFF
DENTON MUNICIPAL ARPT,DTO
MARIANNA MUNICIPAL ARPT,KMA
COLOGNE-BONN,CGN
MCCOOK MUNICIPAL ARPT,MCK
KANSAI INTL,KIX
BAIYUN AIRPORT,CAN
HANCOCK COUNTY-BAR HARBOR,BHB
FERGUS FALLS MUNICIPAL ARPT,FFM
ANKENY REGIONAL,KIK
BAUDETTE INTL ARPT,BDE
DALLAS EXECUTIVE ARPT,RBD
MURFREESBORO MUNICIPAL ARPT,KMB
SPRINGERVILLE MUNICIPAL,JTC
LAUGHLIN BULLHEAD INTL,IFP
UNIV OF OKLAHOMA WESTHEIMER ARPT,OUN
TREVISO ARPT,TSF
OGDENSBURG INTL ARPT,OGS
PINE MOUNTAIN LAKE ARPT,E45
VIRACOPOS-CAMPINAS INTL ARPT,VCP
FRONT RANGE ARPT,KCF
HARTFORD-BRAINARD ARPT,HFD
FRANKLIN FIELD ARPT,F72
MUNICH INTL ARPT,MUC
BOMBAY/MUMBAI,BOM
PETER PRINCE FIELD ARPT,2R4
WEST BRANCH COMMUNITY ARPT,Y31
KINGMAN,IGM
HONG KONG INTL,HKG
FERIHEGY ARPT,BUD
MALMO-STURUP ARPT,MMX
PONCA CITY MUNICIPAL ARPT,PNC
KNOXVILLE DOWNTOWN ISLAND ARPT,DKX
ONA AIRPARK ARPT,12V
DANIEL FIELD ARPT,DNL
DOVER AIR FORCE BASE,DOV
JOHN H BATTEN ARPT,RAC
BERMUDA DUNES ARPT,UDD
MASON CITY MUNICIPAL,MCW
TONCONTIN INTL,TGU
VALENCIA AIRPORT,VLC
KENAI MUNICIPAL ARPT,ENA
GENERAL IGNACIO P GARCIA INTL,HMO
SUBIC BAY INTL,SFS
SUNRIVER,SUO
ST. LUCIA-VIGIE,SLU
CHANDLER MUNICIPAL ARPT,KCH
JEFFERSON COUNTY INTL,TWD
MADISON COUNTY ARPT,MSN
NEWARK-HEATH ARPT,KVT
DODGE CITY REGIONAL ARPT,DDC
PALO ALTO ARPT OF SANTA CLARA COUNTY,PAO
GRATIOT COMMUNITY,AMN
LEIPZIG-HALLE,LEJ
NORTHERN MAINE REGIONAL,PQI
GREENWOOD LAKE ARPT,4N1
HAYS REGIONAL,HYS
CUSTER ARPT,KTT
VIENNA INTL,VIE
M GRAHAM CLARK - TANEY COUNTY ARPT,PLK
RAMONA ARPT,KRN
KILLEEN/FT HOOD REGIONAL,GRK
RICHARD I BONG ARPT,SUW
TRIPLE W ARPT,5W5
WINSTON FIELD ARPT,SNK
EDWARD F KNAPP STATE ARPT,MPV
LEESBURG INTL ARPT,LEE
ANIMAS AIR PARK,AMK
LAKE CITY MUNICIPAL ARPT,LCQ
CRYSTAL ARPT,MIC
FRANKFURT MAIN,FRA
ST GEORGE MUNICIPAL ARPT,SGU
SOLDOTNA AIRPORT,SXQ
GILLESPIE COUNTY,T82
MARCH ARB ARPT,RIV
HENRI COANDA INTL ARPT,OTP
BROOKS COUNTY,BPT
FARMINGTON REGIONAL,KFA
MIDDLE PENINSULA REGIONAL ARPT,FYJ
CLAYTON COUNTY ARPT- TARA FIELD,KHM
PATUXENT RIVER NAS,NHK
PENANG INTL,PEN
GENESEE COUNTY ARPT,KGV
GRANTLEY ADAMS BARBA,BGI
WASHINGTON COUNTY,WSG
STANSTEAD-LONDON,STN
ANDREWS AIR FORCE BASE,ADW
FLAGLER COUNTY ARPT,KFI
GUARULHOS INTL,GRU
BERT MOONEY,BTM
DICKINSON-THEODORE ROOSEVELT RGNL,DIK
JOSE MARIA CORDOVE ARPT,MDE
FESTUS MEMORIAL ARPT,KFE
STUTTGART GERMANY,STR
PERRY COUNTY MUNICIPAL,KTE
EASTERN OREGON REGIONAL ARPT,PDT
DAKAY-YOFF-LEOPOLD SEDAR SENGHOR,DKR
GLENDALE MUNICIPAL ARPT,KGE
FOWLER ARPT,ART
HEBER CITY MUNICIPAL,KHC
PEARSON FIELD ARPT,YYZ
NORTH PALM BEACH CNTY GEN AVTN,F45
RIYAHD AIR BASE,OER
LAWRENCE J TIMMERMAN ARPT,MWC
BOLINGBROOKS CLOW INTL,1C5
UGNU-KUPARUK ARPT,UUK
WASHINGTON COUNTY MEMORIAL,K38
NOME ARPT,OME
SOUTHEAST TEXAS REGIONAL ARPT,BPT
MILLINGTON REGIONAL JETPORT ARPT,NQA
DONALDSON CENTER ARPT,GDC
CORDOVA MUNICIPAL ARPT,CKU
LIVINGSTON COUNTY SPENCER J HARDY,KOZ
SCOTT AFB/MIDAMERICA,BLV
KIRKSVILLE REGIONAL,IRK
FORT COLLINS-LOVELAND,FNL
SAN PEDRO SULA LA MESA,SAP
HOMER ARPT,HOM
VALKARIA,X59
HANA ARPT,HNM
SEBRING REGIONAL ARPT,SEF
BAHRAIN INTL,BAH
HENDERSON CITY-COUNTY ARPT,KEH
CHADRON MUNICIPAL ARPT,CDR
NEW BEDFORD REGIONAL ARPT,EWB
KIPNUK ARPT,KPN
RAS TANAJIB,OETN
FREDERICK MUNICIPAL ARPT,FDK
GRIFFISS INTL,RME
MANISTEE COUNTY-BLACKER ARPT,MBL
MAGNOLIA MUNICIPAL,AGO
ROCK HILL (YORK CO) BRYANT FLD,RKH
MC GUIRE AIR FORCE BASE,WRI
MURTALA MUHAMMED,MMI
NIAGARA FALLS INTL,IAG
LA CHINITA INTL,MAR
MCCONNELL AIR FORCE BASE,IAB
SAN SALVADOR INTL,SAL
KIT CARSON COUNTY,KIT
TRAVIS AIR FORCE BASE,SUU
DOHA INTL,DOH
WATERTOWN,ART
NEW SMYRNA BEACH MUNICIPAL ARPT,EVB
BRITTON MUNICIPAL ARPT SD,TTO
LOGAN-CACHE ARPT,LGU
ARLINGTON MUNICIPAL ARPT (TX),KGK
VISALIA MUNICIPAL ARPT,VIS
PHILIP BILLARD MUNICIPAL ARPT,TOP
MARSHFIELD MUNI/G HARLOW FLD,GHG
RUSSELLVILLE REGIONAL ARPT,KRU
COLES COUNTY MEMORIAL ARPT,MTO
HARVEY FIELD,S43
ZAMPERINI FIELD ARPT,TOA
POPLAR BLUFF MUNICIPAL,POF
WAYNESVILLE-ST ROBERT REGIONAL FORNEY FIELD,TBN
HERNANDO COUNTY,KBK
NEWPORT STATE ARPT,NPT
VANDENBERG ARPT,KVD
ENTERPRISE MUNICIPAL ARPT,ETS
PROVINCETOWN MUNICIPAL ARPT,PVC
HIGGINSVILLE INDUSTRIAL MUNICIPAL ARPT,HSI
NORTH TEXAS REGIONAL ARPT,PNX
NEVADA COUNTY AIR PARK,KGO
HOMESTEAD AIR RESERVE BASE,HST
SOUTHEAST IOWA REGIONAL ARPT,BRL
CLAREMONT MUNICIPAL ARPT,CNH
ONTARIO MUNICIPAL ARPT,ONO
ELEFTHERIOS VENIZELOS INTL,AIA
OPA-LOCKA EXECUTIVE ARPT,OPF
CRAIG MUNICIPAL ARPT,CRG
WILEY POST-WILL ROGERS MEM,BRW
LEE'S SUMMIT MUNICIPAL ARPT,KLX
WARSAW MUNICIPAL (IN),KAS
ALPENA COUNTY REG,APN
POMPANO BEACH AIRPARK,PPM
ODESSA-SCHLEMEYER FIELD ARPT,ODO
ALLIANCE MUNICIPAL ARPT,AIA
GRANITE FALLS MUNICIPAL ARPT,KGD
WASHINGTON EXECUTIVE ARPT HYDE FIELD,W32
LEA COUNTY REGIONAL ARPT,HOB
OTTAWA/MACDONALD-CARTIER INTL,YOW
GREAT BENT MUNICIPAL,GBD
DELPHI MUNICIPAL ARPT,1I9
CANYONLANDS FIELD,CNY
BRAZORIA COUNTY ARPT,LJN
VANCE BRAND ARPT,KLM
MARCO POLO INTL,VCE
STILLWATER REGIONAL ARPT,SWO
BOLIVAR MUNICIPAL ARPT,M17
JOHNSTOWN-CAMBRIA,JST
SHOW LOW REGIONAL ARPT,SOW
BALDWIN COUNTY ARPT,MLJ
KALAUPAPA ARPT,LUP
MERCED MUNICIPAL,MCE
NEWTON CITY/COUNTY ARPT,EWK
PELLSTON REGIONAL,PLN
SPRINGDALE MUNICIPAL ARPT,SPZ
BRUNSWICK GOLDEN ISLES,BQK
SHALZ FIELD ARPT,CBK
DILLINGHAM ARPT,DLG
MESQUITE METRO ARPT,KHQ
FRANK WILEY FIELD ARPT,MLS
GILLESPIE FIELD ARPT,SEE
DELAWARE AIRPARK,33N
VICKSBURG TALLULAH REGIONAL ARPT,TVR
WARREN FIELD ARPT,KOCW
IXTAPA-ZIHUATENEJO,ZIH
WAUKESHA COUNTY ARPT,UES
MOUNT AIRY/SURRY COUNTY ARPT,KMW
GENERAL WM J FOX AIRFIELD,WJF
ROWAN COUNTY ARPT,SRW
CINCINNATI-BLUE ASH ARPT,KIS
WATERTOWN MUNICIPAL ARPT,ATY
CEDAR CITY REGIONAL,CDC
POTSDAM MUNICIPAL ARPT,KPT
AUBURN-OPELIKA RG PITTS,AUO
SCAMMON BAY AIRPORT,SCM
GEORGETOWN MUNICIPAL ARPT,GTU
GALEAO INTL (RIO),GIG
SASKATOON/JOHN G. DIEFENBAKER INTL,YXE
SHELL LAKE MUNICIPAL ARPT,KSS
DEVILS LAKE REGIONAL ARPT,DVL
GWINNER-ROGER MELROE FIELD ARPT,KGW
SIDNEY-RICHLAND MUNICIPAL ARPT,SDY
NORTHWEST FLORIDA BEACHES INTL,ECP
BOLINDER FIELD - TOOELE VALLEY ARPT,KTV
PRINCEVILLE ARPT,HPV
CHEVRON USA INC SEAPLANE BASE,8LA1
LAWRENCE MUNICIPAL  ARPT (KS),LWC
TULIP CITY ARPT,KBI
KNOX COUNTY REGIONAL,RKD
GEORGE M BRYAN ARPT,KST
HARRISON COUNTY ARPT,ASL
HAVRE CITY-COUNTY ARPT,HVR
YAZOO COUNTY ARPT,87I
EAGLE COUNTY REGIONAL,EGE
STENNIS INTL ARPT,KHS
PAUL C MILLER-SPARTA ARPT,8D4
MC KELLER FLD ARPT,MKL
PITT-GREENVILLE ARPT,PGV
DARE COUNTY REGIONAL ARPT,MEO
SHENZHEN,SZX
TRACY MUNICIPAL ARPT,KTC
HARDY-ANDERS FLD NATCHEZ-ADAMS CNTY,HEZ
GLACIER PARK INTL,FCA
DUBLIN INTL ARPT,DUB
WAUPACA MUNICIPAL ARPT,KPC
NORMAN MANLEY INTL,KIN
COLUMBIA GORGE REGIONAL ARPT,DLS
VICTORIA INTL,YYJ
CORPUS CHRISTI NAS/TRUAX FIELD,NGP
IMMOKALEE REGIONAL ARPT,IMM
CHAUTAUQUA COUNTY/JAMESTOWN ARPT,JHW
ANIAK AIRPORT,ANI
SHANNON INTL,SNN
WATERTOWN INTL ARPT,ART
GENERAL RAFAEL BUELNA INTL,MZT
DAVIS MONTHAN AIR FORCE BASE,DM 
SHERIDAN COUNTY ARPT,SHR
BASEL-MULHOUSE-FREIBURG,MLH
PALMYRA (COOPER) AIRPORT,P16
KENTMORR AIRPARK,3W3
EAGLE CREEK AIRPARK,KEY
MALAGA ARPT,AGP
GENERAL ROBERTO FIERRO VILLALOBOS INTL,CUU
RICHLAND ARPT,RLD
ZURICH,ZRH
GUSTAVO ROJAS PINILLA INTL ARPT,ADZ
BOB SIKES ARPT,CEW
V C BIRD INTL ARPT,ANU
BOULDER CITY MUNICIPAL ARPT,BLD
UKIAH MUNICIPAL ARPT,UKI
WEST PLAINS REGIONAL ARPT,KUN
TUNICA MUNI ARPT,UTM
RAMSTEIN AIR FORCE BASE,RMS
THE FLORIDA KEYS MARATHON,MTH
NORTH BIG HORN COUNTY ARPT,U68
MACKINAC COUNTY ARPT,83D
HUTCHINSON MUNICIPAL,HUT
DELAWARE MUNICIPAL ARPT,KDL
GALILEO GALILEI ARPT,PSA
MEFFORD FIELD ARPT,TLR
CRAWFORDSVILLE MUNI ARPT,KCF
HICKORY REGIONAL ARPT,HKY
QUINN FIELD ARPT,UIN
MONTREAL INTL (MIRABEL),YMX
PORT GRAHAM ARPT,PGM
MARANA REGIONAL ARPT,AVW
MERRIT ISLAND ARPT,COI
GRAYSON COUNTY ARPT,PNX
LAKE PALOURDE BASE HELIPORT,LHD
CULPEPER REGIONAL ARPT,KCJ
PRINCESS JULIANA,SXM
